{
  "train_elbo": [
    -204.31670374023437,
    -203.0681087109375,
    -169.8050030517578,
    -160.26944952148438,
    -155.70348894042968,
    -152.15407187988282,
    -151.01762958007814,
    -149.75267690429686,
    -148.17822930175782,
    -146.8129197265625,
    -146.8945384667969,
    -145.77311797851561,
    -145.37517394042968,
    -144.98280217773438,
    -145.72551579589845,
    -144.37444368164063,
    -143.73752518554687,
    -143.80294810058595,
    -143.05998673828125,
    -143.19826612792968,
    -143.02773078125,
    -142.68391846679688,
    -142.39948262695313,
    -142.31195116699217,
    -142.21134963867186,
    -141.78587911132811,
    -141.96323579589844,
    -141.53630024414062,
    -141.5652748046875,
    -141.42769526367186,
    -140.9761888720703,
    -140.9916204785156,
    -141.30621911132812,
    -140.72328653320312,
    -140.9572561279297,
    -140.82021391601563,
    -140.4584887548828,
    -140.63994828125,
    -140.2944343359375
  ],
  "val_elbo": [
    -203.1480736328125,
    -201.90221787109374,
    -168.17090947265626,
    -158.77798256835936,
    -154.061373046875,
    -150.92602368164063,
    -149.65688935546876,
    -148.616268359375,
    -147.55383110351562,
    -146.35926552734375,
    -146.67564755859374,
    -145.59525783691407,
    -145.4245583984375,
    -144.87215407714845,
    -146.30066267089845,
    -144.72096950683593,
    -144.3047291503906,
    -144.47014194335938,
    -143.67195415039063,
    -144.0824578125,
    -143.77472497558594,
    -143.89959443359376,
    -143.87881025390624,
    -143.658484765625,
    -143.52635043945313,
    -143.38316557617188,
    -143.9198910644531,
    -143.4151256591797,
    -143.37023193359374,
    -143.35622319335937,
    -143.20955869140624,
    -143.2064996826172,
    -143.66302253417967,
    -143.01596701660156,
    -143.44693271484374,
    -143.46398940429688,
    -143.1640791015625,
    -143.13055590820312,
    -143.23734338378907
  ],
  "train_log_likelihood": [
    -192.155338046875,
    -190.3130837939453,
    -164.9131173876953,
    -155.0558274658203,
    -150.26214180175782,
    -146.23396920898438,
    -145.24596737792967,
    -143.70418374511718,
    -142.03917657714842,
    -140.73598444335937,
    -140.72207104003905,
    -139.6710622705078,
    -139.17223918945314,
    -138.90925088867186,
    -139.42774508789063,
    -138.20867436035155,
    -137.5055321533203,
    -137.5126844482422,
    -136.81537770507813,
    -137.00213310058595,
    -136.77177661132814,
    -136.36786115722657,
    -136.10215650390626,
    -136.06572204101562,
    -135.9491436328125,
    -135.5245762841797,
    -135.52332836425782,
    -135.25989583007814,
    -135.1443321972656,
    -135.05596005859374,
    -134.56746568847657,
    -134.56134100585936,
    -134.78013514648438,
    -134.36327586914064,
    -134.57826860351562,
    -134.36626166992187,
    -134.01093208007813,
    -134.25013760742186,
    -133.84038293945312
  ],
  "train_kl": [
    12.161366509094238,
    12.755025368041991,
    4.891886014404297,
    5.213621760101319,
    5.441347078704834,
    5.920103074645996,
    5.771662290802002,
    6.048493202209473,
    6.139053101196289,
    6.076934950561523,
    6.172468534851074,
    6.102056213378907,
    6.202934478912353,
    6.073550665283203,
    6.297770307464599,
    6.165767764587402,
    6.231992410583496,
    6.290263103179932,
    6.2446082980346675,
    6.196133946685791,
    6.2559547592163085,
    6.316057321472168,
    6.297325948181152,
    6.24622960357666,
    6.262205316467285,
    6.2613033668518066,
    6.439908167724609,
    6.27640462524414,
    6.420942669830322,
    6.371735307769775,
    6.408723630065918,
    6.430278514709473,
    6.526083945922852,
    6.360010746154785,
    6.378987843322754,
    6.453951118011474,
    6.447556663513184,
    6.389811259918213,
    6.4540520156860355
  ],
  "val_log_likelihood": [
    -191.20367673339842,
    -189.24516364746094,
    -163.272076953125,
    -153.55785278320312,
    -148.60990122070314,
    -144.99890881347656,
    -143.88060275878905,
    -142.56279072265625,
    -141.42129299316406,
    -140.28803198242187,
    -140.50765517578125,
    -139.494609765625,
    -139.23758662109375,
    -138.80722397460937,
    -140.02181774902343,
    -138.57639096679688,
    -138.09571254882812,
    -138.20704365234374,
    -137.45369946289063,
    -137.92347797851562,
    -137.5548783203125,
    -137.61762758789064,
    -137.61967202148438,
    -137.44875434570312,
    -137.29824311523438,
    -137.16360446777344,
    -137.52809157714844,
    -137.1831022216797,
    -136.99843920898437,
    -137.03711799316406,
    -136.85167221679689,
    -136.82249670410155,
    -137.1948478027344,
    -136.7092703125,
    -137.11967937011718,
    -137.07054008789063,
    -136.7777478515625,
    -136.80172307128908,
    -136.83737150878906
  ],
  "val_kl": [
    11.944395220947266,
    12.657055325317383,
    4.898832063293457,
    5.220130648040771,
    5.4514704620361325,
    5.927113980102539,
    5.776286231994629,
    6.053477897644043,
    6.132539572143554,
    6.071234269714355,
    6.1679929275512695,
    6.100649282836914,
    6.1869728439331055,
    6.064929704284668,
    6.278845097351074,
    6.144579691314697,
    6.2090146942138675,
    6.263098858642578,
    6.21825464553833,
    6.158981262207031,
    6.219846862030029,
    6.281964433288574,
    6.2591378837585445,
    6.209730447387695,
    6.2281067794799805,
    6.219561772918701,
    6.3918000579833985,
    6.232023812103272,
    6.371791543579102,
    6.319105278015137,
    6.357885572814942,
    6.384002143096924,
    6.468174670410156,
    6.3066970672607425,
    6.327252310180664,
    6.3934501358032225,
    6.386328526306152,
    6.3288341262817385,
    6.399972148895264
  ]
}