{
  "train_elbo": [
    -217.34129790039063,
    -184.87026930664064,
    -171.75260112304687,
    -166.4794741015625,
    -162.59025712890625,
    -160.18844568359376,
    -157.61088594726561,
    -156.05755215820312,
    -154.41168287109375,
    -153.84837631347656,
    -152.084326484375,
    -151.49151688476562,
    -151.749341640625,
    -150.12757203125,
    -149.24841477050782,
    -149.51649089355467,
    -148.06288642089845,
    -147.85452895507814,
    -147.92113012695313,
    -147.1838429638672,
    -146.6891223046875,
    -145.90268319335937,
    -146.11565189941408,
    -146.23721935058595,
    -144.8898313671875,
    -144.52063499023438,
    -145.04955587402344,
    -144.5842001171875,
    -143.88630891601562,
    -144.17206238769532,
    -143.77484828613282,
    -142.85823779785156,
    -142.69643648925782,
    -142.77441096191407,
    -142.5145003125,
    -143.00847743652344,
    -142.22428670898438,
    -141.89180012207032,
    -141.57584844726563,
    -141.94168849121093,
    -141.86887854492187,
    -141.3659611621094,
    -141.56850044433594,
    -141.61783628417967
  ],
  "val_elbo": [
    -217.47196196289062,
    -185.2555525390625,
    -172.497623046875,
    -167.39347431640624,
    -163.80439677734375,
    -161.502161328125,
    -159.08330485839844,
    -157.67603129882812,
    -156.28488103027343,
    -155.82778911132812,
    -154.3973001953125,
    -153.85664116210938,
    -154.23201311035157,
    -152.89531027832032,
    -151.96922009277344,
    -152.32921069335939,
    -151.09051044921875,
    -150.90861528320312,
    -150.99953022460937,
    -150.34541560058594,
    -150.14355268554687,
    -149.47697768554687,
    -149.6709673828125,
    -149.81033627929688,
    -148.79991674804688,
    -148.21360463867188,
    -149.0012182373047,
    -148.32777612304687,
    -147.85406049804686,
    -148.13627893066408,
    -147.98092719726563,
    -146.97485209960936,
    -146.97592890625,
    -147.280294140625,
    -146.87253911132814,
    -147.42135126953124,
    -146.82683813476564,
    -146.45776020507813,
    -146.09187868652344,
    -146.59501689453126,
    -146.54683735351563,
    -146.11408764648436,
    -146.32584016113282,
    -146.31290544433594
  ],
  "train_log_likelihood": [
    -193.43457291992186,
    -154.98651752929686,
    -140.87033866210936,
    -133.99239461425782,
    -129.85253724121094,
    -126.73448236328124,
    -124.2113814819336,
    -122.705395078125,
    -120.96653350097657,
    -119.63660735839844,
    -117.74219258056641,
    -117.00573058837891,
    -117.68464230957031,
    -115.33931475097656,
    -114.09124372802735,
    -115.15179812255859,
    -113.93949210449219,
    -113.09955527832031,
    -113.18836431396484,
    -112.45250070556641,
    -112.6155177368164,
    -111.6348669921875,
    -111.2463094555664,
    -111.53997291015625,
    -110.08756689208984,
    -109.58228530761718,
    -109.3892707788086,
    -110.08655892089844,
    -108.85041693115234,
    -109.5275493383789,
    -109.10272333496094,
    -107.52815386230469,
    -108.0748525,
    -108.16324095703125,
    -108.11048139160157,
    -108.15495112792969,
    -107.6842598046875,
    -107.50949486328125,
    -107.19207621582031,
    -107.45887989746093,
    -107.0844121899414,
    -106.3376073803711,
    -106.49591645996094,
    -107.29901116699219
  ],
  "train_kl": [
    23.906725338134766,
    29.883751973876954,
    30.882262036743164,
    32.48707901123047,
    32.73772012451172,
    33.45396285888672,
    33.39950524414063,
    33.35215737548828,
    33.44514934692383,
    34.211768712158204,
    34.34213405029297,
    34.48578646850586,
    34.06469963623047,
    34.78825786010742,
    35.157170645751954,
    34.364692145996095,
    34.12339438720703,
    34.7549731274414,
    34.732765732421875,
    34.73134262939453,
    34.07360435058594,
    34.26781674682617,
    34.86934204101563,
    34.6972460949707,
    34.802265145263675,
    34.938349997558596,
    35.66028482421875,
    34.49764030029297,
    35.035891484375,
    34.64451330322266,
    34.67212507202149,
    35.33008373046875,
    34.621583751220705,
    34.61116939331055,
    34.40401912841797,
    34.85352716064453,
    34.54002702026367,
    34.38230546142578,
    34.38377264770508,
    34.482808887939456,
    34.78446702880859,
    35.028354189453125,
    35.072583873291016,
    34.318824494628906
  ],
  "val_log_likelihood": [
    -193.70614916992187,
    -155.395576171875,
    -141.63046247558594,
    -134.91957348632812,
    -131.08146577148437,
    -128.05877492675782,
    -125.72333286132813,
    -124.37043718261718,
    -122.86523122558594,
    -121.64133680419921,
    -120.0924809814453,
    -119.40144848632812,
    -120.2263947265625,
    -118.156965234375,
    -116.85291569824219,
    -118.00995802001952,
    -117.02951953125,
    -116.213362109375,
    -116.32030357666015,
    -115.6768873046875,
    -116.10897221679687,
    -115.2556197265625,
    -114.83045393066406,
    -115.15608491210938,
    -114.03756889648437,
    -113.31089155273438,
    -113.39841951904297,
    -113.87760614013672,
    -112.86496002197265,
    -113.5431855834961,
    -113.35909559326171,
    -111.68075056152344,
    -112.39557143554687,
    -112.718377734375,
    -112.49875255126953,
    -112.60037058105469,
    -112.33571075439453,
    -112.11178830566406,
    -111.74183880615234,
    -112.15043868408203,
    -111.80131799316406,
    -111.10820649414063,
    -111.28631081542969,
    -112.0278533203125
  ],
  "val_kl": [
    23.765814349365236,
    29.85997512817383,
    30.867161682128906,
    32.47390075073242,
    32.7229299194336,
    33.44338573608398,
    33.359970965576174,
    33.305594372558595,
    33.41965008544922,
    34.186452520751956,
    34.30482037963867,
    34.455193908691406,
    34.00561819458008,
    34.73834611816406,
    35.116304791259765,
    34.31925415039063,
    34.060989990234376,
    34.695253094482425,
    34.67922680664063,
    34.668529022216795,
    34.034578662109375,
    34.221358288574216,
    34.84051135864258,
    34.65425269165039,
    34.76234776611328,
    34.902712890625,
    35.60279822998047,
    34.45016984863281,
    34.98910135498047,
    34.593091833496096,
    34.6218302734375,
    35.29410193481446,
    34.5803583984375,
    34.561916802978516,
    34.37378604736328,
    34.820981726074216,
    34.49112690429688,
    34.345971759033205,
    34.35004002685547,
    34.44457811279297,
    34.74551953125,
    35.00588177490234,
    35.03953021240234,
    34.285051342773436
  ]
}