{
  "train_elbo": [
    6415.3570803125,
    6471.6830353125,
    6527.46995015625,
    6660.3106990625,
    6872.25151359375,
    6993.87421390625,
    7037.7066415625,
    6935.4313421875,
    6873.1585509375,
    6755.8565925,
    7095.21432984375,
    7146.46252109375,
    6965.02716625,
    7160.5756425,
    7160.27146125,
    6612.64630859375,
    7134.63074890625,
    7272.5299084375,
    7174.02219890625,
    6912.66808359375,
    7297.76702484375,
    6904.28749875,
    7233.2335021875,
    7244.17401390625,
    7369.0092128125,
    7256.69155625,
    7309.40175765625,
    7362.05209765625,
    7379.8049271875,
    7356.0597384375,
    7458.80273390625,
    7450.5172371875,
    7450.1354425,
    7383.0607428125,
    7366.81666515625,
    7473.7402003125,
    5196.64462875,
    7488.138765,
    6800.144305,
    7208.82374140625,
    7478.6096959375,
    7394.65295359375,
    7360.8820625,
    6923.65062390625,
    7513.4532584375,
    7610.12327859375,
    7547.16370859375,
    7468.8570165625,
    7606.54745515625,
    7543.76456234375,
    7597.7701246875
  ],
  "val_elbo": [
    6423.7359484375,
    6479.94230625,
    6534.92165546875,
    6668.6709390625,
    6880.166653125,
    7001.1260078125,
    7043.67956484375,
    6940.7013609375,
    6881.2028453125,
    6763.707415625,
    7100.5623625,
    7148.700603125,
    6969.97941953125,
    7165.119953125,
    7165.44202109375,
    6620.5144703125,
    7136.03674140625,
    7274.824628125,
    7173.9732234375,
    6918.84384375,
    7295.7845078125,
    6909.3897734375,
    7232.86548125,
    7248.388940625,
    7362.37769609375,
    7257.59744921875,
    7303.2898546875,
    7355.796328125,
    7375.3929171875,
    7354.9045546875,
    7433.6133609375,
    7436.8486671875,
    7432.2021328125,
    7337.55250546875,
    7364.02618515625,
    7456.9227234375,
    5181.07342265625,
    7455.4478359375,
    6803.482996875,
    7214.2460265625,
    7470.360834375,
    7390.12682421875,
    7358.73063671875,
    6929.7338953125,
    7501.667653125,
    7585.2551203125,
    7527.47403046875,
    7461.630415625,
    7507.9697296875,
    7526.532209375,
    7578.8728765625
  ],
  "train_log_likelihood": [
    6460.5468825,
    6512.5261215625,
    6590.84632484375,
    6712.28018859375,
    6903.7042978125,
    7033.63010015625,
    7082.265885,
    6986.04908984375,
    6909.2174796875,
    6794.3332534375,
    7131.00137390625,
    7188.99197390625,
    7002.26623984375,
    7198.2454440625,
    7200.573245,
    6664.5999640625,
    7173.5913959375,
    7317.7260425,
    7213.73374,
    6945.2058646875,
    7343.3958271875,
    6929.498805,
    7279.5096078125,
    7279.7671934375,
    7414.56276984375,
    7296.52258109375,
    7350.3955384375,
    7404.5108084375,
    7422.5447096875,
    7392.0357609375,
    7507.631835,
    7495.16220015625,
    7499.5574946875,
    7429.2691346875,
    7404.76281875,
    7517.23630140625,
    5241.5804515625,
    7535.3299625,
    6846.7965734375,
    7242.6592728125,
    7525.5518525,
    7439.5385325,
    7405.066345,
    6981.05971359375,
    7555.30835859375,
    7656.79255140625,
    7595.8738925,
    7507.00811765625,
    7653.51186875,
    7585.04492734375,
    7647.88673609375
  ],
  "train_kl": [
    45.189806883544925,
    40.84307801879883,
    63.37639565429688,
    51.969527117919924,
    31.452804486083984,
    39.75588407226562,
    44.559244372558595,
    50.61774755859375,
    36.058931055908204,
    38.47666646484375,
    35.78705024536133,
    42.52946795898438,
    37.23908669677734,
    37.669809379882814,
    40.30178586669922,
    51.95365094482422,
    38.96063918823242,
    45.19613763671875,
    39.71155517578125,
    32.53779579345703,
    45.62878630004883,
    25.211316185302735,
    46.27609563598633,
    35.59317287963867,
    45.55355591064453,
    39.83102737060547,
    40.993779145507816,
    42.45870471191406,
    42.739803214111326,
    35.97602868164063,
    48.82911327270508,
    44.64496569458008,
    49.422064060058595,
    46.208367756347656,
    37.94617438964844,
    43.49611903320312,
    44.935813697509765,
    47.1911989453125,
    46.65226569213867,
    33.83554857055664,
    46.94214979858398,
    44.88559501342773,
    44.184273215332034,
    57.409094345703124,
    41.85509789306641,
    46.66923524536133,
    48.710175642089844,
    38.15109780517578,
    46.96442847900391,
    41.28037058837891,
    50.11660426025391
  ],
  "val_log_likelihood": [
    6468.9455359375,
    6520.81281953125,
    6597.6903578125,
    6720.078871875,
    6911.4635984375,
    7040.7286921875,
    7088.04259296875,
    6991.04608203125,
    6917.00407109375,
    6802.11174765625,
    7136.209375,
    7191.11881796875,
    7007.1574359375,
    7202.6212546875,
    7205.552215625,
    6672.43452734375,
    7174.9053375,
    7319.87344375,
    7213.5191015625,
    6951.1596828125,
    7341.1345125,
    6934.51539609375,
    7278.93000234375,
    7283.74714140625,
    7407.7343375,
    7297.19525078125,
    7344.102265625,
    7398.04945546875,
    7417.90934609375,
    7390.65465703125,
    7482.20451171875,
    7481.30330625,
    7481.36016796875,
    7383.583315625,
    7401.80078046875,
    7500.243425,
    5225.81769375,
    7502.5028640625,
    6849.8761234375,
    7247.8907515625,
    7517.0577359375,
    7434.72143125,
    7402.6654265625,
    6986.63639375,
    7543.23961796875,
    7631.6871328125,
    7575.8919390625,
    7499.49058046875,
    7554.657553125,
    7567.58382578125,
    7628.71564609375
  ],
  "val_kl": [
    45.20960611572266,
    40.870528570556644,
    62.76866334228516,
    51.40795183105469,
    31.29705500488281,
    39.60264445800781,
    44.36302619018554,
    50.34470334472656,
    35.801206268310544,
    38.40430484008789,
    35.64708763427734,
    42.41820126953125,
    37.17796662597656,
    37.50131602172851,
    40.11018176269531,
    51.92007377929688,
    38.86859935302734,
    45.04884477539063,
    39.54598125,
    32.315840844726566,
    45.350026489257814,
    25.12560334777832,
    46.06439821777344,
    35.358260266113284,
    45.356600036621096,
    39.5977896484375,
    40.81238862304688,
    42.25313740234375,
    42.51640989990234,
    35.75008579711914,
    48.59111940917969,
    44.454646057128905,
    49.15807242431641,
    46.03079423828125,
    37.77461005859375,
    43.32067734375,
    44.744220703125,
    47.05502753295898,
    46.393144732666016,
    33.64472941894531,
    46.69694289550781,
    44.5946315612793,
    43.93482498779297,
    56.90246611328125,
    41.57200150146485,
    46.431972192382815,
    48.41791848144531,
    37.860173327636716,
    46.68779052734375,
    41.05163085327148,
    49.84276032104492
  ]
}