{
  "train_elbo": [
    -124.475537109375,
    -109.73061218994141,
    -105.7447457006836,
    -104.05684165039062,
    -102.60298307128906,
    -101.3641076953125,
    -100.78715437988281,
    -100.33958350830078,
    -100.02678761230469,
    -99.92185000976562,
    -99.06176524902344,
    -98.51130087402343,
    -98.38166164550782,
    -98.24824385253906,
    -97.49157516113281,
    -97.5239781298828,
    -97.26370872802734,
    -97.1015942553711,
    -96.80885708496093,
    -96.67827735839843,
    -96.455781484375,
    -96.34744946777344,
    -96.16260050537109,
    -96.14157183837891,
    -95.84014374511719,
    -95.81069838623047,
    -95.70663696777343,
    -95.44298367431641,
    -95.39438883056641,
    -95.40409421875,
    -95.21812759521484,
    -95.04066114990235,
    -95.19174354980468,
    -95.04581033691406,
    -95.24058480224609,
    -94.7568775,
    -94.65662770996094,
    -94.79378240722656,
    -94.61098153808594,
    -94.68673991943359,
    -94.57809127929687,
    -94.30074986083984,
    -94.58230936035156,
    -94.16196679199219,
    -94.22729010253906,
    -94.20908530761719,
    -94.13593796386719,
    -93.97646370117188,
    -94.1800191821289,
    -93.95986760253906,
    -93.86962687988282,
    -93.95988058105469,
    -93.87334318115235,
    -93.97990587402344,
    -93.631362109375,
    -93.63864934814453,
    -93.67755995849609,
    -93.64908178222656,
    -93.8054100805664,
    -93.32858918457032,
    -93.6360293359375,
    -93.61642981689454,
    -93.29419584228516,
    -93.42355689453125,
    -93.33231744628907,
    -93.22913890625,
    -93.3975955053711,
    -93.37550868652343
  ],
  "val_elbo": [
    -124.16248994140625,
    -109.83949055175782,
    -106.08998260498046,
    -104.39410712890626,
    -103.06445196533203,
    -101.87433706054688,
    -101.42889998779297,
    -100.94433709716797,
    -100.77648923339844,
    -100.70272635498047,
    -99.95796435546875,
    -99.35667069091797,
    -99.23682388916015,
    -99.29624893798828,
    -98.47404130859375,
    -98.42698002929687,
    -98.3189759765625,
    -98.2672490234375,
    -97.96839958496093,
    -97.79115812988282,
    -97.70601541748047,
    -97.56812299804687,
    -97.46790477294923,
    -97.41505883789063,
    -97.06468389892578,
    -97.16936824951172,
    -97.04722807617188,
    -96.83148917236328,
    -96.72385860595703,
    -96.7366072631836,
    -96.64794001464844,
    -96.43705544433594,
    -96.55796245117187,
    -96.62873231201172,
    -96.68775863037109,
    -96.32054483642578,
    -96.27942829589844,
    -96.35015656738281,
    -96.18528559570312,
    -96.2125478515625,
    -96.07332169189453,
    -95.83391754150391,
    -96.209087890625,
    -95.75761259765625,
    -95.93423575439454,
    -95.7950256225586,
    -95.74995260009766,
    -95.61203853759766,
    -95.79671584472656,
    -95.63439564208984,
    -95.56122058105468,
    -95.69047159423828,
    -95.63464318847656,
    -95.71924035644531,
    -95.31341545410156,
    -95.36913702392579,
    -95.46457634277344,
    -95.43050856933594,
    -95.51872907714844,
    -95.12224401855468,
    -95.41715523681641,
    -95.54260756835937,
    -95.0758546875,
    -95.22022003173828,
    -95.26541743164063,
    -95.16599040527343,
    -95.2254750732422,
    -95.24784207763672
  ],
  "train_log_likelihood": [
    -104.99947938964844,
    -86.23751267333985,
    -81.62370352539062,
    -79.68479963867188,
    -78.60014103027343,
    -77.05885912353516,
    -76.56762969482422,
    -76.32172640625,
    -76.10089663574219,
    -75.58314372802734,
    -75.01348822509766,
    -74.73694206542969,
    -74.49769332519531,
    -74.1372249243164,
    -73.46078306152344,
    -73.91865478759766,
    -72.57626983886719,
    -73.13341563720704,
    -72.90158298583984,
    -72.88096250488282,
    -72.75187392578125,
    -72.01201580566406,
    -72.114621328125,
    -72.64555560791015,
    -71.99872493408203,
    -71.77621085205078,
    -71.9870543310547,
    -71.39380429199218,
    -71.30942598388671,
    -71.67721711425781,
    -71.22997747314453,
    -71.21745951904298,
    -71.86287088134766,
    -70.70642235595703,
    -71.79671051513672,
    -71.42497958007813,
    -70.92691502441406,
    -71.56554437011718,
    -71.28394779296875,
    -70.87950991943359,
    -70.76946861816407,
    -70.61860954101563,
    -71.086014375,
    -70.76545637695313,
    -70.15173793212891,
    -70.79135130371094,
    -70.81506626464844,
    -70.42840495605469,
    -70.79201037109375,
    -69.80717620605469,
    -70.04041409667968,
    -70.44120294921875,
    -70.4017507421875,
    -70.84156906494141,
    -69.9332306616211,
    -70.34854736816406,
    -70.03216852050781,
    -70.76904355224609,
    -69.7888310961914,
    -69.92757939208984,
    -70.5275242919922,
    -70.3131986328125,
    -70.01157429931641,
    -70.12831755615234,
    -70.07372348388672,
    -69.57174172363281,
    -70.4511525024414,
    -69.80726314208984
  ],
  "train_kl": [
    19.476057894897462,
    23.49309976135254,
    24.121041541748045,
    24.37204189147949,
    24.002842123413085,
    24.305249111938476,
    24.219524799194335,
    24.017857435302734,
    23.925890810546875,
    24.338706356201172,
    24.048276732177733,
    23.77435837524414,
    23.883968128662108,
    24.11101909851074,
    24.030791959228516,
    23.60532327270508,
    24.687438768310546,
    23.96817825317383,
    23.90727478088379,
    23.797314592285158,
    23.703907443237306,
    24.335433481445314,
    24.047978989868163,
    23.49601629211426,
    23.84141912475586,
    24.034487149658204,
    23.719582549438478,
    24.04917922973633,
    24.08496296936035,
    23.72687742248535,
    23.988150030517577,
    23.823201331176758,
    23.328872391967774,
    24.339387997436525,
    23.443874290771486,
    23.331897664794923,
    23.72971311340332,
    23.228238565673827,
    23.327033553466798,
    23.80723034790039,
    23.80862266357422,
    23.682140064086916,
    23.496294833374023,
    23.3965103326416,
    24.07555213684082,
    23.417733825683595,
    23.320871290893553,
    23.54805876525879,
    23.38800858947754,
    24.15269132873535,
    23.82921278625488,
    23.51867748046875,
    23.47159230834961,
    23.138336822509764,
    23.698131342773436,
    23.29010157836914,
    23.645391126708983,
    22.880038131103515,
    24.01657914916992,
    23.401010064697264,
    23.108504653320313,
    23.30323128112793,
    23.282621917724608,
    23.29523966064453,
    23.258593443603516,
    23.657397559204103,
    22.94644284057617,
    23.56824562927246
  ],