{
  "train_elbo": [
    955.3301994921875,
    1086.7469400390626,
    1145.032336484375,
    1170.1520794140624,
    1225.6382221875,
    1246.8689102734375,
    1258.2373887109375,
    1267.8551394140625,
    1276.494111015625,
    1277.4450771484376,
    1286.994852578125,
    1289.96192609375,
    1294.661876015625,
    1293.8196081640624,
    1297.2543993359375,
    1309.28617125,
    1312.791054453125,
    1316.2796805859375,
    1315.4222396484374,
    1320.7019034375,
    1321.5630196875,
    1320.678763671875,
    1324.0406869921876,
    1328.1757596484374,
    1331.4330634765624,
    1332.7533159765626,
    1333.4821761328126,
    1335.961568515625,
    1336.860585703125,
    1336.2418599609375,
    1337.246885390625,
    1340.7960515234374,
    1340.8347043359374,
    1343.2275937109375,
    1342.8086687109376,
    1344.1438454296874,
    1343.84807421875,
    1343.849836796875,
    1346.6882166015625,
    1346.319429375
  ],
  "val_elbo": [
    957.3237510742188,
    1089.222269921875,
    1144.3439078125,
    1168.2094044921876,
    1222.962766015625,
    1242.5905130859376,
    1253.0883609375,
    1261.8772505859374,
    1269.471572265625,
    1268.59117734375,
    1277.0009453125,
    1278.426415625,
    1282.98443203125,
    1282.3445697265624,
    1284.2807869140624,
    1295.8739103515625,
    1300.795736328125,
    1301.8990646484374,
    1300.446584375,
    1304.380220703125,
    1305.403324609375,
    1303.866187890625,
    1308.131536328125,
    1308.270466015625,
    1312.3200859375,
    1314.136870703125,
    1315.8895484375,
    1318.012051171875,
    1318.051060546875,
    1314.2227634765625,
    1315.899338671875,
    1319.8426037109375,
    1320.002520703125,
    1320.190057421875,
    1322.4073546875,
    1320.8930734375,
    1319.8951849609375,
    1320.803944921875,
    1322.2406375,
    1321.269091796875
  ],
  "train_log_likelihood": [
    1001.4013301367188,
    1135.404761796875,
    1194.5526355859374,
    1219.772318203125,
    1270.369142265625,
    1293.0237196484375,
    1305.3718666015625,
    1313.3946702734374,
    1323.0990817578124,
    1324.419688828125,
    1333.5519484765625,
    1336.6307190234375,
    1341.278759296875,
    1339.9698401171875,
    1344.4766022265626,
    1353.430500390625,
    1356.952270078125,
    1360.5738815234374,
    1360.0170353515625,
    1365.297089453125,
    1365.945175859375,
    1365.316567265625,
    1366.4521956640624,
    1371.1535140234375,
    1374.2481384375,
    1376.316057734375,
    1377.165843359375,
    1379.6487272265624,
    1380.767716796875,
    1380.703238671875,
    1381.3933378125,
    1385.042999296875,
    1385.139792109375,
    1387.524513125,
    1386.9177019140625,
    1388.3928454296874,
    1388.639987734375,
    1388.0474922265626,
    1391.2945179296876,
    1390.8805947265625
  ],
  "train_kl": [
    46.071129929199216,
    48.657818187255856,
    49.52030236206055,
    49.62024071533203,
    44.73092232299805,
    46.15480534179687,
    47.13447861572266,
    45.539530291748044,
    46.60496906494141,
    46.974607606201175,
    46.55710745117187,
    46.66879614013672,
    46.61688697387695,
    46.15023073486328,
    47.22220227783203,
    44.14432882446289,
    44.161215447998046,
    44.29419790161133,
    44.59479380859375,
    44.59518199584961,
    44.38215947875977,
    44.63780724365235,
    42.41151111083985,
    42.97774719848633,
    42.815071462402344,
    43.5627425390625,
    43.683664151611325,
    43.687157841796875,
    43.90713385620117,
    44.46137721557617,
    44.14645069213867,
    44.24694871826172,
    44.30509078857422,
    44.2969199609375,
    44.10903858642578,
    44.2490014050293,
    44.791908293457034,
    44.197660859375,
    44.6062929699707,
    44.56116256469726
  ],
  "val_log_likelihood": [
    1003.2518798828125,
    1137.7814904296874,
    1193.68376328125,
    1217.60890625,
    1267.547477734375,
    1288.603717578125,
    1300.15641875,
    1307.3108529296876,
    1315.9994109375,
    1315.48600078125,
    1323.482521875,
    1325.0278375,
    1329.5250443359375,
    1328.4253677734375,
    1331.409940234375,
    1339.9416125,
    1344.8979015625,
    1346.092276953125,
    1344.930565625,
    1348.858833203125,
    1349.687169921875,
    1348.39642421875,
    1350.4458140625,
    1351.123576171875,
    1355.026129296875,
    1357.57994140625,
    1359.480796484375,
    1361.5974458984374,
    1361.8526783203124,
    1358.573900390625,
    1359.93316875,
    1363.972203125,
    1364.195104296875,
    1364.38220390625,
    1366.394519921875,
    1365.01280859375,
    1364.556396875,
    1364.89325234375,
    1366.7101416015626,
    1365.711872265625
  ],
  "val_kl": [
    45.92812875976563,
    48.55921900024414,
    49.339844958496094,
    49.39950606689453,
    44.58470248413086,
    46.01321484375,
    47.068061315917966,
    45.43360013427734,
    46.527845526123045,
    46.894825115966796,
    46.48158067626953,
    46.601428637695314,
    46.540614172363284,
    46.08080640869141,
    47.129153845214844,
    44.067704034423826,
    44.102166442871095,
    44.193208441162106,
    44.48398449707031,
    44.478601263427734,
    44.283844519042965,
    44.53023985595703,
    42.31428444824219,
    42.85311358642578,
    42.70604802246094,
    43.44305413818359,
    43.59125931396484,
    43.58539420166016,
    43.80160756835937,
    44.351112658691406,
    44.033835906982425,
    44.12960133056641,
    44.19260900878906,
    44.192138928222654,
    43.98717180175781,
    44.1197463684082,
    44.66121043701172,
    44.08929733886719,
    44.46949951171875,
    44.44278784179688
  ]
}